Dataset,               epoch,      train/box_loss,      train/obj_loss,      train/cls_loss,   metrics/precision,      metrics/recall,     metrics/mAP_0.5,metrics/mAP_0.5:0.95,        val/box_loss,        val/obj_loss,        val/cls_loss,               x/lr0,               x/lr1,               x/lr2
BDD100K,0,0.1207,0.069847,0.085012,0.00023009,0.0070632,0.00011772,2.76E-05,0.12478,0.068484,0.090274,0.070068,0.0033257,0.0033257
BDD100K,1,0.11299,0.079676,0.078225,0.00037734,0.010275,0.00022328,6.42E-05,0.10607,0.086314,0.069838,0.040003,0.0065931,0.0065931
BDD100K,2,0.10098,0.074017,0.053689,0.92657,0.024302,0.016702,0.0048566,0.087007,0.072778,0.048598,0.0098706,0.0097945,0.0097945
BDD100K,3,0.085622,0.068209,0.049388,0.95091,0.032619,0.036659,0.014661,0.075521,0.066582,0.047377,0.009703,0.009703,0.009703
BDD100K,4,0.077912,0.065374,0.048057,0.95818,0.037045,0.04775,0.020672,0.070373,0.063162,0.046653,0.009703,0.009703,0.009703
BDD100K,5,0.073831,0.062986,0.047392,0.77193,0.068106,0.058923,0.026113,0.06693,0.061327,0.046065,0.009604,0.009604,0.009604
BDD100K,6,0.070835,0.061708,0.047118,0.70759,0.083433,0.06968,0.032427,0.064877,0.060586,0.045807,0.009505,0.009505,0.009505
BDD100K,7,0.068666,0.061296,0.04682,0.72765,0.093241,0.078461,0.037777,0.062622,0.058759,0.045553,0.009406,0.009406,0.009406
BDD100K,8,0.067107,0.059938,0.046486,0.72115,0.093658,0.080748,0.038472,0.061459,0.058017,0.045503,0.009307,0.009307,0.009307
BDD100K,9,0.065566,0.058439,0.046293,0.75417,0.092646,0.086709,0.042463,0.060742,0.057585,0.045215,0.009208,0.009208,0.009208
BDD100K,10,0.064512,0.058503,0.046176,0.72844,0.10903,0.094199,0.046792,0.059162,0.056517,0.045095,0.009109,0.009109,0.009109
BDD100K,11,0.063224,0.057803,0.046019,0.73638,0.10759,0.09468,0.048116,0.058582,0.055905,0.044953,0.00901,0.00901,0.00901
BDD100K,12,0.062549,0.057725,0.045824,0.74013,0.11687,0.10198,0.051586,0.057495,0.055119,0.044857,0.008911,0.008911,0.008911
BDD100K,13,0.061687,0.056541,0.045707,0.74973,0.11389,0.10373,0.053464,0.056942,0.054645,0.044807,0.008812,0.008812,0.008812
BDD100K,14,0.060979,0.056493,0.045607,0.73946,0.12108,0.10345,0.052821,0.056671,0.054621,0.044706,0.008713,0.008713,0.008713
BDD100K,15,0.06026,0.056134,0.045456,0.7528,0.12424,0.11007,0.057838,0.055862,0.054242,0.044571,0.008614,0.008614,0.008614
BDD100K,16,0.059884,0.055866,0.045603,0.74173,0.12202,0.11183,0.058003,0.055234,0.053691,0.044516,0.008515,0.008515,0.008515
BDD100K,17,0.059288,0.055723,0.045364,0.7692,0.11747,0.11322,0.060246,0.055098,0.053641,0.044508,0.008416,0.008416,0.008416
BDD100K,18,0.059027,0.055657,0.04542,0.76071,0.123,0.11364,0.060288,0.054626,0.053533,0.04439,0.008317,0.008317,0.008317
BDD100K,19,0.058398,0.054892,0.045226,0.75873,0.12301,0.11532,0.06146,0.054286,0.052962,0.044315,0.008218,0.008218,0.008218
BDD100K,20,0.057778,0.054336,0.045144,0.7628,0.13228,0.11911,0.063575,0.053859,0.052646,0.044232,0.008119,0.008119,0.008119
BDD100K,21,0.057672,0.055071,0.045174,0.75408,0.13385,0.12119,0.064889,0.053518,0.052638,0.044256,0.00802,0.00802,0.00802
BDD100K,22,0.057258,0.05435,0.045029,0.75643,0.13571,0.12229,0.064947,0.053241,0.052519,0.0442,0.007921,0.007921,0.007921
BDD100K,23,0.056853,0.054417,0.045091,0.76195,0.13638,0.12386,0.067084,0.052962,0.052197,0.04409,0.007822,0.007822,0.007822
BDD100K,24,0.056638,0.05411,0.044964,0.76845,0.1322,0.12505,0.068714,0.052591,0.051935,0.044117,0.007723,0.007723,0.007723
BDD100K,25,0.05618,0.053212,0.044846,0.7718,0.13682,0.12676,0.069706,0.052398,0.051731,0.044047,0.007624,0.007624,0.007624
BDD100K,26,0.055898,0.053237,0.045001,0.76312,0.13924,0.12949,0.070856,0.052109,0.051437,0.044072,0.007525,0.007525,0.007525
BDD100K,27,0.055761,0.053327,0.044976,0.76419,0.14028,0.12947,0.071072,0.051873,0.051217,0.044066,0.007426,0.007426,0.007426
BDD100K,28,0.055549,0.052871,0.044908,0.76995,0.13686,0.13239,0.073124,0.051687,0.051133,0.043963,0.007327,0.007327,0.007327
BDD100K,29,0.055199,0.052604,0.044829,0.76396,0.14458,0.13183,0.072445,0.051553,0.051028,0.043929,0.007228,0.007228,0.007228
BDD100K,30,0.05514,0.053101,0.044888,0.77612,0.1397,0.13366,0.074172,0.051342,0.050807,0.043901,0.007129,0.007129,0.007129
BDD100K,31,0.054777,0.052337,0.044761,0.76785,0.14379,0.13134,0.072999,0.05138,0.050972,0.04388,0.00703,0.00703,0.00703
BDD100K,32,0.05478,0.052592,0.044722,0.76415,0.14538,0.13371,0.074759,0.050844,0.050578,0.043845,0.006931,0.006931,0.006931
BDD100K,33,0.054485,0.052235,0.044719,0.77187,0.1414,0.1341,0.075211,0.050782,0.050433,0.043817,0.006832,0.006832,0.006832
BDD100K,34,0.054152,0.052471,0.044642,0.77445,0.14491,0.13615,0.07653,0.050597,0.050339,0.043764,0.006733,0.006733,0.006733
BDD100K,35,0.053989,0.052298,0.044623,0.77619,0.14628,0.13859,0.07827,0.050432,0.050225,0.043698,0.006634,0.006634,0.006634
BDD100K,36,0.05371,0.051864,0.044578,0.77501,0.15019,0.13699,0.077358,0.050305,0.050109,0.043736,0.006535,0.006535,0.006535
BDD100K,37,0.053816,0.051531,0.044648,0.77348,0.15345,0.13894,0.07911,0.050088,0.049899,0.043719,0.006436,0.006436,0.006436
BDD100K,38,0.053487,0.052035,0.044657,0.77241,0.14666,0.1394,0.078438,0.049972,0.049905,0.043711,0.006337,0.006337,0.006337
BDD100K,39,0.053436,0.052042,0.044409,0.78026,0.15084,0.14151,0.080574,0.04991,0.049807,0.043677,0.006238,0.006238,0.006238
BDD100K,40,0.052956,0.051333,0.044412,0.78306,0.1422,0.14197,0.081028,0.049742,0.049646,0.043656,0.006139,0.006139,0.006139
BDD100K,41,0.052991,0.051208,0.04442,0.77956,0.1476,0.14125,0.08066,0.049673,0.049583,0.043639,0.00604,0.00604,0.00604
BDD100K,42,0.052853,0.051333,0.044554,0.7787,0.15001,0.14265,0.081501,0.049542,0.049466,0.043623,0.005941,0.005941,0.005941
BDD100K,43,0.052669,0.050817,0.044389,0.78056,0.15162,0.14355,0.082073,0.049342,0.049267,0.043586,0.005842,0.005842,0.005842
BDD100K,44,0.052614,0.050919,0.044354,0.77623,0.15299,0.14525,0.08322,0.04924,0.04927,0.043621,0.005743,0.005743,0.005743
BDD100K,45,0.05246,0.05063,0.044419,0.7872,0.14369,0.14611,0.083115,0.04911,0.049245,0.043571,0.005644,0.005644,0.005644
BDD100K,46,0.052287,0.050934,0.044413,0.79209,0.148,0.14579,0.083497,0.04907,0.049153,0.043542,0.005545,0.005545,0.005545
BDD100K,47,0.052361,0.051268,0.044465,0.78251,0.14876,0.14678,0.084553,0.04892,0.049035,0.043495,0.005446,0.005446,0.005446
BDD100K,48,0.052334,0.051366,0.04434,0.77774,0.15161,0.1525,0.086404,0.048896,0.04895,0.043569,0.005347,0.005347,0.005347
BDD100K,49,0.052081,0.050884,0.044291,0.77911,0.15379,0.14863,0.085245,0.048731,0.048794,0.043545,0.005248,0.005248,0.005248
BDD100K,50,0.051771,0.050649,0.044122,0.78314,0.15379,0.15065,0.085943,0.048635,0.048802,0.043457,0.005149,0.005149,0.005149
BDD100K,51,0.051626,0.05026,0.044187,0.78088,0.15144,0.15512,0.089128,0.048608,0.048742,0.043452,0.00505,0.00505,0.00505
BDD100K,52,0.051417,0.049919,0.044323,0.78298,0.15745,0.15816,0.091009,0.048555,0.048663,0.043385,0.004951,0.004951,0.004951
BDD100K,53,0.051466,0.050431,0.044151,0.78311,0.15437,0.15645,0.089831,0.048395,0.048531,0.043433,0.004852,0.004852,0.004852
BDD100K,54,0.051549,0.051371,0.044164,0.78375,0.15645,0.15741,0.090452,0.048351,0.04857,0.043398,0.004753,0.004753,0.004753
BDD100K,55,0.051195,0.049964,0.044119,0.67494,0.16412,0.15958,0.091727,0.048314,0.048514,0.043411,0.004654,0.004654,0.004654
BDD100K,56,0.051403,0.050457,0.04421,0.67614,0.17608,0.16117,0.09252,0.048224,0.048437,0.04339,0.004555,0.004555,0.004555
BDD100K,57,0.051221,0.050378,0.04419,0.66684,0.17118,0.16093,0.09207,0.048266,0.048468,0.043397,0.004456,0.004456,0.004456
BDD100K,58,0.051186,0.050699,0.044156,0.59377,0.19172,0.16046,0.091867,0.048057,0.048356,0.043382,0.004357,0.004357,0.004357
BDD100K,59,0.051007,0.050332,0.044209,0.64009,0.18288,0.1628,0.094308,0.048029,0.04822,0.043364,0.004258,0.004258,0.004258
BDD100K,60,0.050924,0.049686,0.043982,0.63257,0.19106,0.16607,0.095758,0.04791,0.048188,0.043325,0.004159,0.004159,0.004159
BDD100K,61,0.050703,0.049631,0.04408,0.6437,0.19209,0.16633,0.09568,0.047857,0.048094,0.043319,0.00406,0.00406,0.00406
BDD100K,62,0.0507,0.049841,0.043982,0.64673,0.18588,0.1661,0.096013,0.047857,0.048106,0.043316,0.003961,0.003961,0.003961
BDD100K,63,0.050704,0.049501,0.044009,0.65978,0.17926,0.16871,0.098865,0.047833,0.04802,0.04328,0.003862,0.003862,0.003862
BDD100K,64,0.050452,0.049348,0.044001,0.65492,0.18391,0.16938,0.098855,0.047674,0.047962,0.043286,0.003763,0.003763,0.003763
BDD100K,65,0.050418,0.049558,0.043921,0.65002,0.18916,0.17081,0.10052,0.047651,0.047934,0.043292,0.003664,0.003664,0.003664
BDD100K,66,0.050332,0.048902,0.043938,0.64969,0.19093,0.17426,0.10199,0.047599,0.047896,0.043224,0.003565,0.003565,0.003565
BDD100K,67,0.050411,0.049744,0.043938,0.70284,0.18167,0.17242,0.10165,0.047569,0.047826,0.04324,0.003466,0.003466,0.003466
BDD100K,68,0.050473,0.049807,0.043902,0.63633,0.19105,0.17246,0.1019,0.047475,0.047817,0.043252,0.003367,0.003367,0.003367
BDD100K,69,0.050097,0.049338,0.043856,0.65053,0.18678,0.17539,0.10243,0.047477,0.047873,0.043224,0.003268,0.003268,0.003268
BDD100K,70,0.049932,0.049422,0.043828,0.65332,0.18769,0.17735,0.1032,0.047449,0.0478,0.043194,0.003169,0.003169,0.003169
BDD100K,71,0.049928,0.048861,0.043866,0.65095,0.19118,0.17672,0.10375,0.047358,0.047722,0.043227,0.00307,0.00307,0.00307
BDD100K,72,0.049835,0.049103,0.043735,0.64687,0.18828,0.17646,0.10377,0.047344,0.047632,0.043222,0.002971,0.002971,0.002971
BDD100K,73,0.049795,0.049251,0.043817,0.57063,0.19897,0.17697,0.10429,0.047317,0.047635,0.043209,0.002872,0.002872,0.002872
BDD100K,74,0.049737,0.049046,0.043856,0.57467,0.19496,0.1779,0.10541,0.047279,0.047638,0.043169,0.002773,0.002773,0.002773
BDD100K,75,0.049732,0.049604,0.043868,0.54626,0.20196,0.18092,0.10632,0.047272,0.047613,0.043157,0.002674,0.002674,0.002674
BDD100K,76,0.049493,0.048584,0.043708,0.55376,0.19188,0.17986,0.1062,0.047218,0.047567,0.043144,0.002575,0.002575,0.002575
BDD100K,77,0.049664,0.048673,0.04389,0.6613,0.18818,0.18132,0.10824,0.047193,0.047549,0.043118,0.002476,0.002476,0.002476
BDD100K,78,0.049439,0.048898,0.043695,0.57165,0.19082,0.18151,0.10785,0.04714,0.047561,0.04313,0.002377,0.002377,0.002377
BDD100K,79,0.04933,0.048418,0.043662,0.54786,0.20482,0.1839,0.10899,0.047136,0.047586,0.043118,0.002278,0.002278,0.002278
BDD100K,80,0.049282,0.048448,0.043694,0.57684,0.19665,0.18639,0.11015,0.047098,0.047561,0.043104,0.002179,0.002179,0.002179
BDD100K,81,0.049185,0.04861,0.043594,0.57292,0.19469,0.18806,0.11123,0.047084,0.047537,0.043092,0.00208,0.00208,0.00208
BDD100K,82,0.049298,0.048914,0.043673,0.58036,0.19389,0.18839,0.11189,0.047031,0.047516,0.043075,0.001981,0.001981,0.001981
BDD100K,83,0.049045,0.047851,0.043604,0.56876,0.19725,0.18916,0.11237,0.04699,0.04747,0.043048,0.001882,0.001882,0.001882
BDD100K,84,0.048917,0.048279,0.043614,0.56897,0.20219,0.19062,0.11235,0.046949,0.047446,0.043035,0.001783,0.001783,0.001783
BDD100K,85,0.048806,0.048195,0.04354,0.64267,0.18751,0.19229,0.11358,0.046904,0.04741,0.043031,0.001684,0.001684,0.001684
BDD100K,86,0.048848,0.048145,0.043593,0.60617,0.19243,0.19238,0.11402,0.046896,0.047405,0.043021,0.001585,0.001585,0.001585
BDD100K,87,0.048797,0.048377,0.043454,0.60457,0.19325,0.19361,0.11493,0.046869,0.047387,0.043018,0.001486,0.001486,0.001486
BDD100K,88,0.048816,0.048065,0.043428,0.58488,0.19878,0.19435,0.11557,0.046845,0.047345,0.042993,0.001387,0.001387,0.001387
BDD100K,89,0.048864,0.04771,0.043511,0.57892,0.19679,0.1941,0.11607,0.046836,0.047313,0.042979,0.001288,0.001288,0.001288
BDD100K,90,0.048647,0.047878,0.043415,0.57608,0.19957,0.19458,0.11634,0.04681,0.04731,0.043009,0.001189,0.001189,0.001189
BDD100K,91,0.048575,0.048087,0.043468,0.57511,0.20027,0.19473,0.1161,0.046798,0.047301,0.042991,0.00109,0.00109,0.00109
BDD100K,92,0.048466,0.047655,0.043429,0.5764,0.19689,0.19436,0.11529,0.04678,0.04729,0.042983,0.000991,0.000991,0.000991
BDD100K,93,0.048543,0.047737,0.043421,0.57679,0.1931,0.19405,0.11579,0.04678,0.04727,0.042983,0.000892,0.000892,0.000892
BDD100K,94,0.048423,0.048166,0.043418,0.57815,0.19493,0.19469,0.1159,0.046775,0.047276,0.042979,0.000793,0.000793,0.000793
BDD100K,95,0.048292,0.047778,0.04337,0.57964,0.19491,0.19514,0.11589,0.046774,0.047283,0.042991,0.000694,0.000694,0.000694
BDD100K,96,0.048256,0.047493,0.043392,0.57904,0.19579,0.1951,0.11601,0.046766,0.047279,0.042997,0.000595,0.000595,0.000595
BDD100K,97,0.048315,0.047623,0.043333,0.58042,0.1954,0.19539,0.11652,0.046752,0.047264,0.042993,0.000496,0.000496,0.000496
BDD100K,98,0.04818,0.048063,0.04324,0.58211,0.19491,0.19522,0.1167,0.046744,0.047245,0.042983,0.000397,0.000397,0.000397
BDD100K,99,0.048162,0.047039,0.043368,0.5839,0.19345,0.19649,0.11735,0.046743,0.04725,0.042977,0.000298,0.000298,0.000298
VisDrone,0,0.15287,0.096015,0.08401,0.00040198,0.0022691,0.0002027,4.64E-05,0.15073,0.14492,0.088807,0.070074,0.0033251,0.0033251
VisDrone,1,0.1412,0.13608,0.077967,0.004128,0.0204,0.0030803,0.00074889,0.1335,0.2088,0.072005,0.040008,0.0065925,0.0065925
VisDrone,2,0.13069,0.15083,0.067764,0.019396,0.080298,0.018397,0.0055658,0.12123,0.23422,0.069415,0.0098762,0.0097939,0.0097939
VisDrone,3,0.1218,0.16987,0.066435,0.046302,0.095877,0.045045,0.015426,0.11409,0.24806,0.067053,0.009703,0.009703,0.009703
VisDrone,4,0.11724,0.17772,0.064323,0.26879,0.10801,0.059618,0.022272,0.11176,0.24768,0.06511,0.009703,0.009703,0.009703
VisDrone,5,0.11381,0.17605,0.062799,0.089044,0.12597,0.073572,0.028503,0.10839,0.25075,0.063839,0.009604,0.009604,0.009604
VisDrone,6,0.11191,0.17627,0.062044,0.29075,0.14584,0.086463,0.034432,0.10657,0.24716,0.063479,0.009505,0.009505,0.009505
VisDrone,7,0.11031,0.17691,0.061741,0.29636,0.15894,0.093184,0.038634,0.105,0.24409,0.062943,0.009406,0.009406,0.009406
VisDrone,8,0.10936,0.17658,0.061123,0.2988,0.16761,0.099303,0.041883,0.10384,0.24301,0.062645,0.009307,0.009307,0.009307
VisDrone,9,0.10842,0.1756,0.061112,0.30787,0.16867,0.10077,0.042529,0.10322,0.2436,0.062501,0.009208,0.009208,0.009208
VisDrone,10,0.10728,0.17498,0.06069,0.31034,0.17342,0.1069,0.046235,0.10247,0.24186,0.062155,0.009109,0.009109,0.009109
VisDrone,11,0.10667,0.17464,0.060394,0.31157,0.19078,0.11524,0.050233,0.10181,0.2417,0.062255,0.00901,0.00901,0.00901
VisDrone,12,0.10633,0.17603,0.060347,0.32573,0.1905,0.11938,0.052548,0.10123,0.24,0.061941,0.008911,0.008911,0.008911
VisDrone,13,0.10563,0.17489,0.059962,0.44044,0.19768,0.12567,0.055842,0.10101,0.23957,0.061682,0.008812,0.008812,0.008812
VisDrone,14,0.10552,0.17456,0.059821,0.45734,0.20202,0.13171,0.058856,0.10044,0.23957,0.06152,0.008713,0.008713,0.008713
VisDrone,15,0.10481,0.17531,0.059758,0.45691,0.19566,0.13229,0.058331,0.10033,0.2424,0.061456,0.008614,0.008614,0.008614
VisDrone,16,0.10445,0.17408,0.059514,0.49082,0.19178,0.14221,0.064144,0.099655,0.23816,0.060842,0.008515,0.008515,0.008515
VisDrone,17,0.10435,0.17304,0.059253,0.4896,0.19353,0.14482,0.065102,0.099368,0.23851,0.060813,0.008416,0.008416,0.008416
VisDrone,18,0.10363,0.17303,0.059103,0.3907,0.19416,0.14616,0.0663,0.099232,0.23746,0.060815,0.008317,0.008317,0.008317
VisDrone,19,0.10334,0.17275,0.05898,0.4967,0.19632,0.15256,0.06967,0.098968,0.23786,0.060555,0.008218,0.008218,0.008218
VisDrone,20,0.10353,0.17298,0.058814,0.50521,0.19919,0.15891,0.072828,0.098508,0.23655,0.06027,0.008119,0.008119,0.008119
VisDrone,21,0.10289,0.17283,0.058825,0.49701,0.20231,0.15918,0.072806,0.098422,0.2375,0.060276,0.00802,0.00802,0.00802
VisDrone,22,0.10265,0.17171,0.05863,0.5058,0.20875,0.1634,0.074705,0.097927,0.23654,0.060237,0.007921,0.007921,0.007921
VisDrone,23,0.10261,0.17337,0.058338,0.50926,0.20072,0.16582,0.075413,0.097734,0.23547,0.059874,0.007822,0.007822,0.007822
VisDrone,24,0.10215,0.1725,0.058231,0.41173,0.20848,0.16815,0.078118,0.097571,0.23494,0.059887,0.007723,0.007723,0.007723
VisDrone,25,0.10215,0.17152,0.058303,0.5118,0.20343,0.16972,0.079536,0.097408,0.23513,0.059711,0.007624,0.007624,0.007624
VisDrone,26,0.10189,0.17202,0.058049,0.51644,0.21288,0.17605,0.08235,0.097145,0.23647,0.059573,0.007525,0.007525,0.007525
VisDrone,27,0.10195,0.17107,0.058182,0.38577,0.21412,0.17792,0.082963,0.097029,0.23498,0.059471,0.007426,0.007426,0.007426
VisDrone,28,0.10161,0.17162,0.057833,0.51694,0.2177,0.17868,0.083052,0.097018,0.23472,0.059553,0.007327,0.007327,0.007327
VisDrone,29,0.1016,0.17056,0.057979,0.41623,0.21326,0.17984,0.08435,0.09684,0.23434,0.059397,0.007228,0.007228,0.007228
VisDrone,30,0.10109,0.17023,0.057825,0.5283,0.21568,0.18347,0.087061,0.096626,0.23472,0.059316,0.007129,0.007129,0.007129
VisDrone,31,0.10108,0.16949,0.05765,0.42888,0.22245,0.18574,0.088789,0.096489,0.23323,0.059205,0.00703,0.00703,0.00703
VisDrone,32,0.10105,0.16953,0.057677,0.52913,0.22307,0.18606,0.089357,0.096331,0.23395,0.059197,0.006931,0.006931,0.006931
VisDrone,33,0.10057,0.16823,0.057516,0.42885,0.22222,0.18555,0.088263,0.096386,0.23351,0.059139,0.006832,0.006832,0.006832
VisDrone,34,0.10082,0.16853,0.057425,0.43575,0.22136,0.18945,0.090884,0.096106,0.23292,0.059079,0.006733,0.006733,0.006733
VisDrone,35,0.1005,0.16766,0.057432,0.48392,0.22571,0.19534,0.094047,0.095955,0.23229,0.058911,0.006634,0.006634,0.006634
VisDrone,36,0.10022,0.16786,0.057278,0.45829,0.21967,0.19263,0.092866,0.095981,0.23204,0.058845,0.006535,0.006535,0.006535
VisDrone,37,0.10026,0.1695,0.057247,0.47831,0.22317,0.1951,0.094569,0.09577,0.23258,0.058782,0.006436,0.006436,0.006436
VisDrone,38,0.1005,0.17087,0.057138,0.4884,0.22319,0.197,0.094802,0.09579,0.23226,0.058807,0.006337,0.006337,0.006337
VisDrone,39,0.099692,0.16712,0.056989,0.43903,0.22607,0.19894,0.096116,0.095518,0.23203,0.058821,0.006238,0.006238,0.006238
VisDrone,40,0.099738,0.16687,0.056893,0.445,0.22955,0.20055,0.097205,0.095526,0.2324,0.058816,0.006139,0.006139,0.006139
VisDrone,41,0.099469,0.16748,0.057006,0.42605,0.23112,0.20178,0.098111,0.095429,0.23158,0.058634,0.00604,0.00604,0.00604
VisDrone,42,0.099671,0.16761,0.056792,0.42685,0.23327,0.20404,0.099639,0.095246,0.2323,0.058572,0.005941,0.005941,0.005941
VisDrone,43,0.099603,0.16653,0.056971,0.46131,0.23171,0.20484,0.10081,0.095241,0.23078,0.058617,0.005842,0.005842,0.005842
VisDrone,44,0.099027,0.16583,0.056742,0.45424,0.23466,0.20827,0.10187,0.095109,0.23075,0.058489,0.005743,0.005743,0.005743
VisDrone,45,0.098944,0.16573,0.056565,0.4539,0.22805,0.20783,0.10195,0.095168,0.23089,0.05851,0.005644,0.005644,0.005644
VisDrone,46,0.099132,0.16694,0.056725,0.43159,0.23275,0.20828,0.1034,0.095001,0.23096,0.058462,0.005545,0.005545,0.005545
VisDrone,47,0.098893,0.16645,0.056578,0.42548,0.23827,0.21045,0.10312,0.094931,0.23056,0.058441,0.005446,0.005446,0.005446
VisDrone,48,0.099053,0.16618,0.056543,0.48302,0.2355,0.21291,0.10479,0.094775,0.23107,0.058409,0.005347,0.005347,0.005347
VisDrone,49,0.098824,0.16703,0.056635,0.45042,0.23802,0.21394,0.10485,0.094786,0.23114,0.058328,0.005248,0.005248,0.005248
VisDrone,50,0.09862,0.1658,0.056533,0.44422,0.23924,0.2164,0.10707,0.094663,0.23043,0.058293,0.005149,0.005149,0.005149
VisDrone,51,0.0988,0.1651,0.056413,0.41621,0.23903,0.21569,0.10679,0.094627,0.23049,0.058289,0.00505,0.00505,0.00505
VisDrone,52,0.098316,0.16474,0.05634,0.47721,0.23825,0.21767,0.1081,0.094633,0.23015,0.058222,0.004951,0.004951,0.004951
VisDrone,53,0.098332,0.16501,0.056369,0.44637,0.24533,0.22046,0.10925,0.094451,0.23013,0.058201,0.004852,0.004852,0.004852
VisDrone,54,0.098749,0.16548,0.056326,0.47128,0.24464,0.21874,0.10885,0.094444,0.23036,0.058206,0.004753,0.004753,0.004753
VisDrone,55,0.098221,0.16532,0.056395,0.46774,0.24323,0.22135,0.11024,0.094386,0.23002,0.058168,0.004654,0.004654,0.004654
VisDrone,56,0.09812,0.16433,0.056317,0.49857,0.24287,0.22275,0.10997,0.094307,0.22994,0.058101,0.004555,0.004555,0.004555
VisDrone,57,0.098368,0.16621,0.056107,0.5179,0.24203,0.22348,0.11134,0.094237,0.22976,0.058089,0.004456,0.004456,0.004456
VisDrone,58,0.097974,0.16517,0.056046,0.46509,0.24483,0.2268,0.11312,0.094227,0.22957,0.058094,0.004357,0.004357,0.004357
VisDrone,59,0.098195,0.16451,0.056197,0.47309,0.24266,0.22347,0.11212,0.094241,0.22964,0.058084,0.004258,0.004258,0.004258
VisDrone,60,0.098045,0.16544,0.056039,0.4778,0.24487,0.22655,0.11437,0.094145,0.22953,0.058022,0.004159,0.004159,0.004159
VisDrone,61,0.098131,0.16403,0.056209,0.47429,0.24789,0.22754,0.11429,0.094091,0.22938,0.058005,0.00406,0.00406,0.00406
VisDrone,62,0.097927,0.1648,0.055902,0.46145,0.24933,0.2286,0.11463,0.094082,0.22964,0.057982,0.003961,0.003961,0.003961
VisDrone,63,0.097965,0.16371,0.056072,0.44484,0.25102,0.22817,0.11461,0.094055,0.2293,0.057988,0.003862,0.003862,0.003862
VisDrone,64,0.097629,0.16372,0.055991,0.45076,0.25163,0.22976,0.1156,0.093998,0.22925,0.057924,0.003763,0.003763,0.003763
VisDrone,65,0.097735,0.16311,0.055868,0.4483,0.25314,0.23072,0.11619,0.093935,0.22915,0.057922,0.003664,0.003664,0.003664
VisDrone,66,0.097808,0.16322,0.055929,0.44758,0.25599,0.23171,0.11688,0.093869,0.22898,0.05791,0.003565,0.003565,0.003565
VisDrone,67,0.097355,0.16169,0.055796,0.34418,0.25524,0.23225,0.11671,0.093863,0.22907,0.057891,0.003466,0.003466,0.003466
VisDrone,68,0.09774,0.16155,0.055762,0.34699,0.25521,0.23267,0.11729,0.09382,0.22895,0.05787,0.003367,0.003367,0.003367
VisDrone,69,0.097484,0.1627,0.055841,0.33962,0.25745,0.23289,0.11751,0.093803,0.22896,0.057874,0.003268,0.003268,0.003268
VisDrone,70,0.097381,0.16139,0.055704,0.34485,0.25702,0.23382,0.11822,0.093787,0.22875,0.057838,0.003169,0.003169,0.003169
VisDrone,71,0.09721,0.16292,0.055661,0.35334,0.25859,0.23604,0.11928,0.093719,0.22902,0.057818,0.00307,0.00307,0.00307
VisDrone,72,0.097009,0.16103,0.055617,0.33948,0.25974,0.23712,0.11957,0.093703,0.229,0.057763,0.002971,0.002971,0.002971
VisDrone,73,0.097383,0.16232,0.055523,0.44747,0.25936,0.23843,0.12056,0.093656,0.229,0.057788,0.002872,0.002872,0.002872
VisDrone,74,0.097002,0.16246,0.055719,0.46029,0.25819,0.23929,0.12187,0.093617,0.22879,0.057786,0.002773,0.002773,0.002773
VisDrone,75,0.09752,0.16453,0.055506,0.45619,0.26008,0.23973,0.12134,0.093606,0.22893,0.057739,0.002674,0.002674,0.002674
VisDrone,76,0.097228,0.16318,0.055554,0.44491,0.25828,0.24093,0.12179,0.093566,0.22876,0.057753,0.002575,0.002575,0.002575
VisDrone,77,0.096959,0.16237,0.055475,0.35106,0.25699,0.2387,0.12151,0.093523,0.22867,0.05776,0.002476,0.002476,0.002476
VisDrone,78,0.096826,0.16268,0.055447,0.34599,0.26156,0.24109,0.1225,0.093497,0.22854,0.057743,0.002377,0.002377,0.002377
VisDrone,79,0.096581,0.16045,0.055344,0.35654,0.25602,0.24094,0.12234,0.093502,0.22874,0.057731,0.002278,0.002278,0.002278
VisDrone,80,0.097064,0.16249,0.055346,0.34932,0.26038,0.24249,0.12338,0.093453,0.22874,0.057702,0.002179,0.002179,0.002179
VisDrone,81,0.096551,0.16116,0.055509,0.38051,0.26321,0.24281,0.12382,0.093415,0.22874,0.057687,0.00208,0.00208,0.00208
VisDrone,82,0.096931,0.15985,0.055261,0.38324,0.26405,0.24477,0.12422,0.093409,0.22858,0.057666,0.001981,0.001981,0.001981
VisDrone,83,0.09661,0.16139,0.055288,0.36652,0.26528,0.24416,0.12437,0.093423,0.22863,0.057678,0.001882,0.001882,0.001882
VisDrone,84,0.096384,0.15983,0.055271,0.34798,0.26595,0.24508,0.12479,0.093394,0.22857,0.057682,0.001783,0.001783,0.001783
VisDrone,85,0.0969,0.16139,0.055241,0.37306,0.26523,0.24442,0.12408,0.093387,0.22859,0.057668,0.001684,0.001684,0.001684
VisDrone,86,0.096307,0.16071,0.055395,0.36853,0.26773,0.24502,0.12441,0.093385,0.22864,0.057678,0.001585,0.001585,0.001585
VisDrone,87,0.096676,0.15987,0.055233,0.36716,0.26817,0.24654,0.12556,0.093324,0.22865,0.057655,0.001486,0.001486,0.001486
VisDrone,88,0.096605,0.16094,0.055303,0.37594,0.26765,0.2478,0.12599,0.093306,0.22857,0.057618,0.001387,0.001387,0.001387
VisDrone,89,0.09645,0.16134,0.055108,0.37812,0.26533,0.24813,0.12626,0.093269,0.22854,0.057612,0.001288,0.001288,0.001288
VisDrone,90,0.096067,0.16051,0.055112,0.36334,0.26727,0.24725,0.12594,0.093268,0.2287,0.057623,0.001189,0.001189,0.001189
VisDrone,91,0.096288,0.1602,0.055139,0.36924,0.26691,0.24864,0.12698,0.093246,0.2288,0.057602,0.00109,0.00109,0.00109
VisDrone,92,0.096226,0.16048,0.055142,0.38203,0.26632,0.24796,0.12694,0.093242,0.22886,0.057597,0.000991,0.000991,0.000991
VisDrone,93,0.096142,0.15884,0.055151,0.37691,0.26741,0.24791,0.12719,0.093229,0.22899,0.057584,0.000892,0.000892,0.000892
VisDrone,94,0.095765,0.1592,0.055087,0.38565,0.26872,0.24908,0.12749,0.093214,0.22891,0.05759,0.000793,0.000793,0.000793
VisDrone,95,0.096371,0.15885,0.055039,0.38485,0.26882,0.24876,0.12721,0.093211,0.22893,0.057586,0.000694,0.000694,0.000694
VisDrone,96,0.096477,0.16159,0.055174,0.38674,0.26879,0.24869,0.12721,0.093208,0.22886,0.057579,0.000595,0.000595,0.000595
VisDrone,97,0.096044,0.15974,0.055092,0.38979,0.26977,0.24967,0.12756,0.093201,0.22888,0.057575,0.000496,0.000496,0.000496
VisDrone,98,0.096049,0.15985,0.054996,0.38914,0.26877,0.24918,0.12738,0.093207,0.22887,0.05757,0.000397,0.000397,0.000397
VisDrone,99,0.095726,0.15805,0.055185,0.38875,0.2714,0.2488,0.12757,0.09321,0.22884,0.057569,0.000298,0.000298,0.000298
PascalVOC,0,0.10307,0.043571,0.13591,0.00060595,0.045599,0.00033394,8.77E-05,0.1029,0.035483,0.15101,0.070029,0.0033301,0.0033301
PascalVOC,1,0.085581,0.046204,0.1218,0.0017995,0.23441,0.0024785,0.00068163,0.075304,0.02974,0.109,0.039996,0.0066305,0.0066305
PascalVOC,2,0.069654,0.045672,0.11044,0.1273,0.05101,0.033707,0.011471,0.062676,0.028437,0.10482,0.00993,0.0098978,0.0098978
PascalVOC,3,0.061791,0.04377,0.1078,0.28408,0.094133,0.057124,0.022756,0.057321,0.026542,0.10218,0.0098515,0.0098515,0.0098515
PascalVOC,4,0.057765,0.042838,0.10543,0.2692,0.14473,0.085813,0.038175,0.053773,0.025689,0.099322,0.0098515,0.0098515,0.0098515
PascalVOC,5,0.055056,0.041919,0.10389,0.34079,0.19198,0.13285,0.060412,0.052269,0.025005,0.097402,0.009802,0.009802,0.009802
PascalVOC,6,0.053432,0.041228,0.10229,0.32998,0.23355,0.175,0.084138,0.050399,0.024745,0.095576,0.0097525,0.0097525,0.0097525
PascalVOC,7,0.052275,0.040929,0.10063,0.31718,0.25751,0.19438,0.097514,0.048845,0.024214,0.093908,0.009703,0.009703,0.009703
PascalVOC,8,0.051067,0.04004,0.099514,0.36318,0.30989,0.24433,0.12505,0.047376,0.023879,0.092257,0.0096535,0.0096535,0.0096535
PascalVOC,9,0.050056,0.040122,0.098584,0.37872,0.32576,0.26052,0.13635,0.046585,0.023492,0.09186,0.009604,0.009604,0.009604
PascalVOC,10,0.049099,0.039673,0.097464,0.37739,0.3588,0.29278,0.15357,0.045391,0.023224,0.090399,0.0095545,0.0095545,0.0095545
PascalVOC,11,0.048432,0.039521,0.096605,0.38863,0.38765,0.3208,0.17199,0.044288,0.023189,0.08945,0.009505,0.009505,0.009505
PascalVOC,12,0.047628,0.039028,0.095894,0.42788,0.40241,0.34953,0.19377,0.043657,0.022682,0.088563,0.0094555,0.0094555,0.0094555
PascalVOC,13,0.047189,0.038675,0.095161,0.45594,0.43723,0.38733,0.21348,0.042868,0.022463,0.088171,0.009406,0.009406,0.009406
PascalVOC,14,0.046706,0.038371,0.094494,0.47597,0.44647,0.40302,0.22555,0.041909,0.022241,0.087125,0.0093565,0.0093565,0.0093565
PascalVOC,15,0.045763,0.037564,0.093766,0.49901,0.45049,0.43203,0.24339,0.041581,0.02207,0.08671,0.009307,0.009307,0.009307
PascalVOC,16,0.045575,0.038034,0.093193,0.51099,0.48762,0.46572,0.26756,0.040738,0.021818,0.08598,0.0092575,0.0092575,0.0092575
PascalVOC,17,0.045002,0.037389,0.092804,0.52401,0.48848,0.48842,0.28117,0.040255,0.021701,0.085451,0.009208,0.009208,0.009208
PascalVOC,18,0.044472,0.037291,0.092261,0.54015,0.50489,0.50372,0.2926,0.039842,0.021568,0.084916,0.0091585,0.0091585,0.0091585
PascalVOC,19,0.043854,0.036764,0.091895,0.56226,0.51162,0.51178,0.30368,0.039428,0.0213,0.084624,0.009109,0.009109,0.009109
PascalVOC,20,0.043672,0.03683,0.091385,0.5784,0.52094,0.53337,0.31815,0.039164,0.021162,0.084395,0.0090595,0.0090595,0.0090595
PascalVOC,21,0.043196,0.036504,0.090882,0.58254,0.5306,0.54437,0.32582,0.038511,0.021068,0.083929,0.00901,0.00901,0.00901
PascalVOC,22,0.042965,0.036352,0.09067,0.6103,0.54276,0.56759,0.34003,0.038066,0.020836,0.083443,0.0089605,0.0089605,0.0089605
PascalVOC,23,0.042507,0.036252,0.090318,0.63707,0.54723,0.58188,0.35393,0.03782,0.020663,0.083137,0.008911,0.008911,0.008911
PascalVOC,24,0.042233,0.036096,0.089864,0.63336,0.56337,0.59543,0.36294,0.037352,0.020542,0.082973,0.0088615,0.0088615,0.0088615
PascalVOC,25,0.041787,0.035391,0.08949,0.6347,0.56938,0.60181,0.3693,0.036999,0.020455,0.08264,0.008812,0.008812,0.008812
PascalVOC,26,0.04151,0.035828,0.089331,0.65047,0.58804,0.61574,0.37875,0.036589,0.020235,0.082387,0.0087625,0.0087625,0.0087625
PascalVOC,27,0.041495,0.03563,0.089083,0.65654,0.59124,0.62103,0.38312,0.036493,0.02015,0.082111,0.008713,0.008713,0.008713
PascalVOC,28,0.040979,0.035138,0.08885,0.65723,0.59556,0.62717,0.39186,0.036141,0.019965,0.082238,0.0086635,0.0086635,0.0086635
PascalVOC,29,0.040904,0.035336,0.088563,0.66612,0.61008,0.63992,0.39937,0.036015,0.019936,0.081835,0.008614,0.008614,0.008614
PascalVOC,30,0.040544,0.034877,0.088448,0.68122,0.6116,0.65455,0.41034,0.035643,0.019878,0.08179,0.0085645,0.0085645,0.0085645
PascalVOC,31,0.040561,0.035371,0.088522,0.6828,0.61438,0.65645,0.41542,0.035357,0.019827,0.081605,0.008515,0.008515,0.008515
PascalVOC,32,0.040257,0.034869,0.088139,0.69086,0.62174,0.66296,0.42108,0.035242,0.019641,0.081448,0.0084655,0.0084655,0.0084655
PascalVOC,33,0.039882,0.034678,0.087756,0.68839,0.62862,0.66896,0.4257,0.034958,0.019626,0.081327,0.008416,0.008416,0.008416
PascalVOC,34,0.039569,0.034742,0.087559,0.68478,0.63913,0.67593,0.43193,0.034894,0.019528,0.081163,0.0083665,0.0083665,0.0083665
PascalVOC,35,0.039524,0.034605,0.087502,0.69618,0.63721,0.68016,0.43758,0.034719,0.01948,0.081095,0.008317,0.008317,0.008317
PascalVOC,36,0.039128,0.034079,0.087251,0.69648,0.64146,0.68329,0.44089,0.034484,0.019385,0.080944,0.0082675,0.0082675,0.0082675
PascalVOC,37,0.039153,0.034117,0.08718,0.71083,0.64261,0.68911,0.44796,0.034319,0.019333,0.080842,0.008218,0.008218,0.008218
PascalVOC,38,0.038931,0.034134,0.087058,0.70272,0.65379,0.69106,0.44984,0.034124,0.019266,0.080822,0.0081685,0.0081685,0.0081685
PascalVOC,39,0.038715,0.033917,0.086949,0.71182,0.64711,0.6935,0.45364,0.034013,0.019212,0.080782,0.008119,0.008119,0.008119
PascalVOC,40,0.038397,0.033854,0.086541,0.72315,0.64684,0.69889,0.45903,0.033889,0.019119,0.080657,0.0080695,0.0080695,0.0080695
PascalVOC,41,0.038464,0.033726,0.086712,0.73337,0.65042,0.702,0.46219,0.033802,0.019058,0.080637,0.00802,0.00802,0.00802
PascalVOC,42,0.038068,0.033614,0.086396,0.72848,0.65356,0.70406,0.46425,0.033644,0.019055,0.080566,0.0079705,0.0079705,0.0079705
PascalVOC,43,0.038071,0.033377,0.086136,0.73049,0.65752,0.70677,0.46752,0.033546,0.01902,0.080472,0.007921,0.007921,0.007921
PascalVOC,44,0.037979,0.033414,0.086173,0.73614,0.66004,0.71227,0.47259,0.033432,0.018936,0.080343,0.0078715,0.0078715,0.0078715
PascalVOC,45,0.037657,0.033238,0.085965,0.73617,0.66798,0.71568,0.47678,0.033276,0.018877,0.080233,0.007822,0.007822,0.007822
PascalVOC,46,0.037696,0.033028,0.08573,0.73901,0.66611,0.71901,0.47989,0.033153,0.018841,0.080137,0.0077725,0.0077725,0.0077725
PascalVOC,47,0.037608,0.033022,0.085784,0.75183,0.65959,0.72137,0.48223,0.033112,0.018808,0.080106,0.007723,0.007723,0.007723
PascalVOC,48,0.037429,0.033121,0.085837,0.7442,0.66794,0.72399,0.48472,0.033019,0.018764,0.080043,0.0076735,0.0076735,0.0076735
PascalVOC,49,0.037233,0.033284,0.08552,0.74348,0.6703,0.72537,0.48686,0.032949,0.018729,0.079988,0.007624,0.007624,0.007624
PascalVOC,50,0.037078,0.03312,0.085272,0.74242,0.67471,0.72748,0.48916,0.032877,0.018696,0.079944,0.0075745,0.0075745,0.0075745
PascalVOC,51,0.03685,0.032828,0.085302,0.74002,0.68096,0.72997,0.49144,0.032815,0.018676,0.079915,0.007525,0.007525,0.007525
PascalVOC,52,0.036919,0.032716,0.085127,0.73637,0.68558,0.73162,0.49358,0.032712,0.018649,0.079868,0.0074755,0.0074755,0.0074755
PascalVOC,53,0.036631,0.032652,0.08512,0.73976,0.68433,0.73298,0.49628,0.032631,0.018614,0.079828,0.007426,0.007426,0.007426
PascalVOC,54,0.036462,0.032329,0.085016,0.74552,0.68219,0.73466,0.49837,0.032571,0.018585,0.079785,0.0073765,0.0073765,0.0073765
PascalVOC,55,0.036607,0.032637,0.085065,0.74307,0.68635,0.73624,0.50018,0.032512,0.018571,0.079785,0.007327,0.007327,0.007327
PascalVOC,56,0.03614,0.0322,0.08471,0.74312,0.68794,0.73722,0.50102,0.032444,0.018541,0.079765,0.0072775,0.0072775,0.0072775
PascalVOC,57,0.036209,0.032322,0.084411,0.73643,0.69521,0.73819,0.5028,0.032387,0.018531,0.079736,0.007228,0.007228,0.007228
PascalVOC,58,0.036343,0.032419,0.084737,0.73773,0.6974,0.73995,0.50441,0.032347,0.018512,0.0797,0.0071785,0.0071785,0.0071785
PascalVOC,59,0.03598,0.032047,0.084587,0.74323,0.69334,0.7407,0.5058,0.032314,0.018493,0.079674,0.007129,0.007129,0.007129
PascalVOC,60,0.03574,0.031964,0.084377,0.73864,0.69813,0.74205,0.50664,0.032265,0.018479,0.079642,0.0070795,0.0070795,0.0070795
PascalVOC,61,0.035741,0.032092,0.084163,0.74047,0.69931,0.74319,0.50755,0.032223,0.018461,0.079632,0.00703,0.00703,0.00703
PascalVOC,62,0.035565,0.031682,0.084242,0.74775,0.69577,0.74382,0.50899,0.032175,0.018438,0.079623,0.0069805,0.0069805,0.0069805
PascalVOC,63,0.035659,0.031928,0.084367,0.75054,0.69234,0.74499,0.50975,0.032136,0.018419,0.079606,0.006931,0.006931,0.006931
PascalVOC,64,0.035513,0.031518,0.084168,0.75089,0.69254,0.74633,0.51071,0.032098,0.018394,0.079594,0.0068815,0.0068815,0.0068815
PascalVOC,65,0.035382,0.031678,0.084056,0.75278,0.69218,0.74669,0.51181,0.03207,0.018376,0.079577,0.006832,0.006832,0.006832
PascalVOC,66,0.035038,0.031521,0.083882,0.75649,0.69144,0.74783,0.51275,0.032035,0.018355,0.079567,0.0067825,0.0067825,0.0067825
PascalVOC,67,0.03524,0.031487,0.083985,0.75251,0.69502,0.74812,0.51377,0.031998,0.018336,0.079555,0.006733,0.006733,0.006733
PascalVOC,68,0.035163,0.031274,0.083692,0.7535,0.6948,0.74866,0.51416,0.031967,0.018317,0.079534,0.0066835,0.0066835,0.0066835
PascalVOC,69,0.034861,0.0315,0.083606,0.74985,0.69906,0.74958,0.5149,0.031932,0.018297,0.079502,0.006634,0.006634,0.006634
PascalVOC,70,0.034643,0.031269,0.083656,0.75333,0.69985,0.75036,0.51543,0.031903,0.018277,0.079483,0.0065845,0.0065845,0.0065845
PascalVOC,71,0.034765,0.031181,0.083487,0.75532,0.69854,0.75121,0.51667,0.031876,0.01826,0.07946,0.006535,0.006535,0.006535
PascalVOC,72,0.034606,0.031245,0.083443,0.75282,0.70228,0.75148,0.51769,0.03185,0.01824,0.079443,0.0064855,0.0064855,0.0064855
PascalVOC,73,0.034069,0.030734,0.083393,0.75622,0.70245,0.75218,0.5184,0.031822,0.018221,0.079426,0.006436,0.006436,0.006436
PascalVOC,74,0.034407,0.030948,0.083371,0.75247,0.7064,0.75274,0.51911,0.031797,0.018204,0.079407,0.0063865,0.0063865,0.0063865
PascalVOC,75,0.034219,0.030672,0.083432,0.75227,0.70711,0.75326,0.51939,0.031772,0.018189,0.079395,0.006337,0.006337,0.006337
PascalVOC,76,0.03427,0.030606,0.083242,0.75288,0.70677,0.75339,0.52024,0.031745,0.018175,0.079382,0.0062875,0.0062875,0.0062875
PascalVOC,77,0.034223,0.030745,0.083164,0.75238,0.70739,0.75447,0.5212,0.031718,0.018159,0.079367,0.006238,0.006238,0.006238
PascalVOC,78,0.034098,0.030481,0.083286,0.75297,0.70795,0.7549,0.52193,0.031695,0.018143,0.079353,0.0061885,0.0061885,0.0061885
PascalVOC,79,0.03409,0.030593,0.083029,0.7527,0.70833,0.75538,0.52279,0.031669,0.018127,0.079343,0.006139,0.006139,0.006139
PascalVOC,80,0.03398,0.030477,0.083113,0.74998,0.71041,0.75555,0.52323,0.031644,0.018113,0.079328,0.0060895,0.0060895,0.0060895
PascalVOC,81,0.033726,0.030512,0.082943,0.75454,0.70764,0.75587,0.52377,0.031623,0.0181,0.079313,0.00604,0.00604,0.00604
PascalVOC,82,0.033646,0.030268,0.08275,0.75156,0.71003,0.75658,0.52452,0.031602,0.018085,0.0793,0.0059905,0.0059905,0.0059905
PascalVOC,83,0.033482,0.030162,0.082855,0.75131,0.71188,0.75674,0.5251,0.031583,0.018068,0.079287,0.005941,0.005941,0.005941
PascalVOC,84,0.033525,0.03033,0.0828,0.75078,0.71227,0.757,0.52561,0.031565,0.01805,0.079278,0.0058915,0.0058915,0.0058915
PascalVOC,85,0.033374,0.029979,0.082614,0.75064,0.71357,0.75756,0.5262,0.031546,0.018033,0.079267,0.005842,0.005842,0.005842
PascalVOC,86,0.033593,0.030086,0.082776,0.7541,0.71205,0.75826,0.52686,0.031528,0.018017,0.079258,0.0057925,0.0057925,0.0057925
PascalVOC,87,0.033129,0.030062,0.082491,0.75354,0.71304,0.75899,0.52768,0.031511,0.018003,0.079249,0.005743,0.005743,0.005743
PascalVOC,88,0.033335,0.02981,0.082493,0.75427,0.71406,0.75924,0.52866,0.031495,0.017987,0.079241,0.0056935,0.0056935,0.0056935
PascalVOC,89,0.033197,0.02998,0.082509,0.75429,0.71454,0.7599,0.52905,0.031475,0.017973,0.07923,0.005644,0.005644,0.005644
PascalVOC,90,0.033034,0.029585,0.082346,0.75726,0.71325,0.76043,0.5298,0.031456,0.017959,0.07922,0.0055945,0.0055945,0.0055945
PascalVOC,91,0.0329,0.029719,0.082398,0.75972,0.71036,0.76093,0.53012,0.031439,0.017946,0.07921,0.005545,0.005545,0.005545
PascalVOC,92,0.032822,0.029649,0.082442,0.76015,0.71223,0.76189,0.53073,0.03142,0.017934,0.0792,0.0054955,0.0054955,0.0054955
PascalVOC,93,0.03283,0.029499,0.082264,0.76105,0.71065,0.76236,0.53134,0.031405,0.017923,0.079191,0.005446,0.005446,0.005446
PascalVOC,94,0.032904,0.02946,0.082273,0.76415,0.70844,0.76284,0.53193,0.031388,0.017908,0.07918,0.0053965,0.0053965,0.0053965
PascalVOC,95,0.032568,0.029551,0.082091,0.76437,0.70988,0.76361,0.53238,0.031373,0.017895,0.079173,0.005347,0.005347,0.005347
PascalVOC,96,0.032529,0.029493,0.082396,0.76342,0.7141,0.76387,0.5331,0.031359,0.017883,0.079165,0.0052975,0.0052975,0.0052975
PascalVOC,97,0.032531,0.029428,0.08201,0.76291,0.7154,0.76439,0.53374,0.031347,0.01787,0.079157,0.005248,0.005248,0.005248
PascalVOC,98,0.032508,0.029555,0.081872,0.76175,0.71583,0.76465,0.5341,0.031334,0.017858,0.079149,0.0051985,0.0051985,0.0051985
PascalVOC,99,0.032397,0.029199,0.081964,0.77155,0.70903,0.7652,0.53471,0.031319,0.017844,0.07914,0.005149,0.005149,0.005149
PascalVOC,100,0.032355,0.02924,0.081835,0.77062,0.70913,0.76516,0.53475,0.031306,0.017833,0.079133,0.0050995,0.0050995,0.0050995
PascalVOC,101,0.032139,0.029011,0.081905,0.77035,0.71033,0.76539,0.53519,0.031293,0.017822,0.079122,0.00505,0.00505,0.00505
PascalVOC,102,0.032063,0.029144,0.081916,0.77255,0.7104,0.76569,0.53576,0.031283,0.017814,0.079117,0.0050005,0.0050005,0.0050005
PascalVOC,103,0.031997,0.02892,0.081786,0.77263,0.70893,0.76564,0.53605,0.031273,0.017806,0.079114,0.004951,0.004951,0.004951
PascalVOC,104,0.03196,0.028991,0.081757,0.77271,0.70998,0.76596,0.53633,0.031263,0.017801,0.079109,0.0049015,0.0049015,0.0049015
PascalVOC,105,0.031596,0.028439,0.081683,0.77386,0.71129,0.76607,0.53668,0.031252,0.017794,0.079105,0.004852,0.004852,0.004852
PascalVOC,106,0.031884,0.028995,0.08162,0.77245,0.71353,0.76683,0.53697,0.031238,0.017784,0.079095,0.0048025,0.0048025,0.0048025
PascalVOC,107,0.031538,0.02858,0.081666,0.77621,0.71286,0.76692,0.53727,0.031228,0.017777,0.079088,0.004753,0.004753,0.004753
PascalVOC,108,0.031457,0.028401,0.081647,0.7757,0.71233,0.76678,0.53734,0.031219,0.017769,0.079083,0.0047035,0.0047035,0.0047035
PascalVOC,109,0.03145,0.02883,0.081398,0.77495,0.71389,0.76663,0.53807,0.03121,0.017762,0.079079,0.004654,0.004654,0.004654
PascalVOC,110,0.031361,0.028335,0.081456,0.7746,0.71541,0.7666,0.53819,0.031199,0.017754,0.079075,0.0046045,0.0046045,0.0046045
PascalVOC,111,0.031399,0.028435,0.081427,0.77039,0.71839,0.76684,0.5386,0.031188,0.017746,0.079069,0.004555,0.004555,0.004555
PascalVOC,112,0.031378,0.028514,0.081434,0.77165,0.71782,0.76717,0.53878,0.031178,0.017736,0.079061,0.0045055,0.0045055,0.0045055
PascalVOC,113,0.031102,0.028161,0.081402,0.77229,0.71798,0.76744,0.53922,0.031171,0.017728,0.079055,0.004456,0.004456,0.004456
PascalVOC,114,0.03124,0.028366,0.081355,0.77217,0.71866,0.76784,0.53965,0.031163,0.01772,0.07905,0.0044065,0.0044065,0.0044065
PascalVOC,115,0.031078,0.02824,0.081222,0.77401,0.71821,0.76861,0.5403,0.031153,0.017711,0.079044,0.004357,0.004357,0.004357
PascalVOC,116,0.030924,0.027903,0.081236,0.77374,0.71933,0.76882,0.54068,0.031142,0.017703,0.079035,0.0043075,0.0043075,0.0043075
PascalVOC,117,0.030763,0.027776,0.081131,0.77516,0.71887,0.76907,0.54095,0.031134,0.017695,0.079031,0.004258,0.004258,0.004258
PascalVOC,118,0.030754,0.027957,0.081224,0.7757,0.71834,0.76935,0.54171,0.031125,0.017687,0.079024,0.0042085,0.0042085,0.0042085
PascalVOC,119,0.030757,0.028095,0.080944,0.77555,0.72006,0.76991,0.54213,0.031116,0.017681,0.079019,0.004159,0.004159,0.004159
PascalVOC,120,0.030505,0.027689,0.080941,0.77432,0.72136,0.77017,0.54252,0.031109,0.017675,0.079017,0.0041095,0.0041095,0.0041095
PascalVOC,121,0.030572,0.027576,0.080955,0.77568,0.72142,0.77018,0.54284,0.031106,0.017669,0.07901,0.00406,0.00406,0.00406
PascalVOC,122,0.030385,0.027621,0.080998,0.77756,0.7224,0.77026,0.54314,0.031099,0.017662,0.079,0.0040105,0.0040105,0.0040105
PascalVOC,123,0.030412,0.02765,0.080865,0.77896,0.72236,0.77038,0.54336,0.031096,0.017656,0.078998,0.003961,0.003961,0.003961
PascalVOC,124,0.030244,0.02749,0.080997,0.78002,0.72307,0.77042,0.54364,0.031093,0.017651,0.078992,0.0039115,0.0039115,0.0039115
PascalVOC,125,0.030488,0.027662,0.080883,0.78024,0.72395,0.77077,0.54417,0.031088,0.017647,0.078984,0.003862,0.003862,0.003862
PascalVOC,126,0.030292,0.02744,0.080862,0.78091,0.72363,0.77118,0.54463,0.031084,0.017644,0.078977,0.0038125,0.0038125,0.0038125
PascalVOC,127,0.030143,0.027401,0.080784,0.78151,0.7228,0.77136,0.54469,0.031081,0.017641,0.078973,0.003763,0.003763,0.003763
PascalVOC,128,0.030066,0.027309,0.080878,0.78206,0.72295,0.77116,0.54524,0.031076,0.017639,0.078969,0.0037135,0.0037135,0.0037135
PascalVOC,129,0.030087,0.027417,0.080899,0.78118,0.72573,0.77142,0.54537,0.031073,0.017639,0.078966,0.003664,0.003664,0.003664
PascalVOC,130,0.03009,0.027335,0.080814,0.7825,0.72483,0.77163,0.54611,0.031069,0.017637,0.078963,0.0036145,0.0036145,0.0036145
PascalVOC,131,0.02976,0.027338,0.080561,0.78076,0.72653,0.77206,0.54659,0.031062,0.017636,0.078959,0.003565,0.003565,0.003565
PascalVOC,132,0.02974,0.027015,0.080607,0.78128,0.72698,0.77223,0.54697,0.03106,0.017635,0.078956,0.0035155,0.0035155,0.0035155
PascalVOC,133,0.02968,0.027034,0.080565,0.78117,0.7278,0.77229,0.54744,0.031056,0.017635,0.078953,0.003466,0.003466,0.003466
PascalVOC,134,0.029478,0.026822,0.080618,0.78206,0.72843,0.7727,0.54816,0.031053,0.017633,0.078949,0.0034165,0.0034165,0.0034165
PascalVOC,135,0.029715,0.026845,0.080595,0.78273,0.7292,0.77304,0.5487,0.031051,0.017632,0.078948,0.003367,0.003367,0.003367
PascalVOC,136,0.029466,0.026793,0.080451,0.78392,0.72839,0.77347,0.54894,0.031049,0.017632,0.078944,0.0033175,0.0033175,0.0033175
PascalVOC,137,0.029063,0.026539,0.080416,0.78232,0.73047,0.77344,0.5494,0.031046,0.017634,0.07894,0.003268,0.003268,0.003268
PascalVOC,138,0.029252,0.026539,0.080455,0.78287,0.73098,0.77383,0.55013,0.031044,0.017634,0.078935,0.0032185,0.0032185,0.0032185
PascalVOC,139,0.029207,0.026507,0.080326,0.78493,0.73101,0.77394,0.55036,0.031042,0.017636,0.078931,0.003169,0.003169,0.003169
PascalVOC,140,0.029141,0.026142,0.080438,0.78694,0.72961,0.77399,0.55061,0.031039,0.017636,0.078926,0.0031195,0.0031195,0.0031195
PascalVOC,141,0.028931,0.026447,0.080462,0.78714,0.72992,0.77389,0.55092,0.031038,0.01764,0.078922,0.00307,0.00307,0.00307
PascalVOC,142,0.028854,0.026386,0.08029,0.78564,0.73134,0.77384,0.55105,0.031037,0.017643,0.078919,0.0030205,0.0030205,0.0030205
PascalVOC,143,0.028762,0.026292,0.080195,0.78529,0.73129,0.77389,0.5512,0.031035,0.017644,0.078915,0.002971,0.002971,0.002971
PascalVOC,144,0.028778,0.026231,0.08032,0.7855,0.73196,0.77401,0.55153,0.031036,0.017646,0.078913,0.0029215,0.0029215,0.0029215
PascalVOC,145,0.028928,0.026229,0.080196,0.78606,0.73237,0.77401,0.55203,0.031035,0.017646,0.078912,0.002872,0.002872,0.002872
PascalVOC,146,0.028699,0.026105,0.080136,0.78784,0.73128,0.77405,0.55215,0.031034,0.017647,0.078908,0.0028225,0.0028225,0.0028225
PascalVOC,147,0.028601,0.025632,0.080155,0.78796,0.73184,0.77438,0.55236,0.031039,0.017651,0.078903,0.002773,0.002773,0.002773
PascalVOC,148,0.028435,0.02612,0.079938,0.78795,0.73133,0.77461,0.55299,0.03104,0.017656,0.078901,0.0027235,0.0027235,0.0027235
PascalVOC,149,0.0285,0.025714,0.079957,0.78972,0.72991,0.77476,0.55307,0.031045,0.017661,0.078899,0.002674,0.002674,0.002674
PascalVOC,150,0.028227,0.025786,0.08001,0.78903,0.72949,0.77496,0.55348,0.031049,0.017667,0.078896,0.0026245,0.0026245,0.0026245
PascalVOC,151,0.028047,0.025505,0.079983,0.78887,0.72997,0.77513,0.55361,0.031052,0.017674,0.078891,0.002575,0.002575,0.002575
PascalVOC,152,0.028232,0.025649,0.079908,0.78897,0.72992,0.77513,0.55386,0.031055,0.01768,0.078889,0.0025255,0.0025255,0.0025255
PascalVOC,153,0.02805,0.025475,0.07977,0.79038,0.72934,0.77589,0.55432,0.031055,0.017684,0.078888,0.002476,0.002476,0.002476
PascalVOC,154,0.02795,0.025477,0.079817,0.78948,0.7313,0.77608,0.55441,0.031055,0.017688,0.078886,0.0024265,0.0024265,0.0024265
PascalVOC,155,0.027906,0.025436,0.079841,0.79174,0.73017,0.77625,0.55467,0.031053,0.017693,0.078882,0.002377,0.002377,0.002377
PascalVOC,156,0.027763,0.025365,0.079721,0.7921,0.72972,0.77608,0.55505,0.031051,0.017696,0.078881,0.0023275,0.0023275,0.0023275
PascalVOC,157,0.027519,0.024917,0.079734,0.79276,0.72961,0.77643,0.55525,0.031049,0.017698,0.078877,0.002278,0.002278,0.002278
PascalVOC,158,0.027562,0.025179,0.079646,0.79338,0.72959,0.77663,0.55547,0.03105,0.017705,0.078878,0.0022285,0.0022285,0.0022285
PascalVOC,159,0.027676,0.025136,0.079654,0.79316,0.72889,0.77679,0.55569,0.03105,0.017711,0.078878,0.002179,0.002179,0.002179
PascalVOC,160,0.02749,0.024809,0.079592,0.79329,0.72876,0.77698,0.55584,0.031051,0.017716,0.078876,0.0021295,0.0021295,0.0021295
PascalVOC,161,0.027468,0.025053,0.079618,0.79215,0.73119,0.77711,0.55628,0.031055,0.017724,0.078874,0.00208,0.00208,0.00208
PascalVOC,162,0.02731,0.024752,0.0796,0.7931,0.7314,0.77725,0.55626,0.031062,0.017731,0.078876,0.0020305,0.0020305,0.0020305
PascalVOC,163,0.02726,0.024926,0.07953,0.79482,0.73099,0.77783,0.55654,0.031063,0.017738,0.078876,0.001981,0.001981,0.001981
PascalVOC,164,0.027202,0.024722,0.079517,0.79533,0.73156,0.77754,0.55675,0.031067,0.017747,0.078876,0.0019315,0.0019315,0.0019315
PascalVOC,165,0.02704,0.024641,0.079502,0.79541,0.73267,0.77814,0.55723,0.031073,0.017756,0.078873,0.001882,0.001882,0.001882
PascalVOC,166,0.026833,0.024669,0.079419,0.79543,0.73294,0.77728,0.55728,0.031079,0.017765,0.07887,0.0018325,0.0018325,0.0018325
PascalVOC,167,0.026878,0.024595,0.079433,0.79546,0.73373,0.77759,0.55778,0.031087,0.017775,0.078869,0.001783,0.001783,0.001783
PascalVOC,168,0.026802,0.024222,0.07933,0.79585,0.73258,0.77711,0.55782,0.031094,0.017785,0.07887,0.0017335,0.0017335,0.0017335
PascalVOC,169,0.02679,0.024321,0.079359,0.79758,0.73092,0.77751,0.55773,0.031103,0.017797,0.078869,0.001684,0.001684,0.001684
PascalVOC,170,0.026476,0.024268,0.079323,0.79826,0.72985,0.77742,0.55762,0.03111,0.017806,0.078866,0.0016345,0.0016345,0.0016345
PascalVOC,171,0.026541,0.024148,0.079271,0.80045,0.72773,0.7776,0.55805,0.031116,0.017812,0.078867,0.001585,0.001585,0.001585
PascalVOC,172,0.026376,0.024128,0.079316,0.80042,0.7284,0.77771,0.55824,0.031129,0.017823,0.07887,0.0015355,0.0015355,0.0015355
PascalVOC,173,0.02651,0.024024,0.079329,0.8016,0.72908,0.77752,0.55836,0.03114,0.017837,0.078873,0.001486,0.001486,0.001486
PascalVOC,174,0.026173,0.023864,0.079147,0.80075,0.73073,0.77738,0.55877,0.031152,0.017849,0.078873,0.0014365,0.0014365,0.0014365
PascalVOC,175,0.026151,0.02373,0.079103,0.8016,0.73073,0.77747,0.55875,0.031162,0.017859,0.078875,0.001387,0.001387,0.001387
PascalVOC,176,0.026056,0.023699,0.079123,0.80157,0.73146,0.77721,0.5589,0.031178,0.017871,0.078877,0.0013375,0.0013375,0.0013375
PascalVOC,177,0.025954,0.023603,0.079127,0.80232,0.73251,0.77734,0.55894,0.031189,0.01788,0.07888,0.001288,0.001288,0.001288
PascalVOC,178,0.025894,0.023407,0.07893,0.80288,0.73295,0.77727,0.55917,0.031202,0.017894,0.07888,0.0012385,0.0012385,0.0012385
PascalVOC,179,0.025869,0.023393,0.078999,0.80342,0.73376,0.77719,0.55915,0.03122,0.017906,0.078882,0.001189,0.001189,0.001189
PascalVOC,180,0.025889,0.023496,0.079028,0.80441,0.73335,0.77712,0.55933,0.031235,0.01792,0.078884,0.0011395,0.0011395,0.0011395
PascalVOC,181,0.025619,0.023532,0.078895,0.80382,0.73379,0.77709,0.55937,0.031248,0.017932,0.078886,0.00109,0.00109,0.00109
PascalVOC,182,0.025501,0.02337,0.078852,0.8039,0.73351,0.77703,0.55934,0.031263,0.017945,0.078888,0.0010405,0.0010405,0.0010405
PascalVOC,183,0.025332,0.023153,0.078924,0.80418,0.73339,0.77691,0.55935,0.031279,0.01796,0.078887,0.000991,0.000991,0.000991
PascalVOC,184,0.025493,0.023113,0.078845,0.80594,0.73141,0.77683,0.55959,0.031291,0.017975,0.078889,0.0009415,0.0009415,0.0009415
PascalVOC,185,0.025139,0.02303,0.078875,0.8058,0.73148,0.77633,0.55972,0.031304,0.01799,0.078892,0.000892,0.000892,0.000892
PascalVOC,186,0.025017,0.02269,0.078749,0.80626,0.73099,0.77636,0.55953,0.031317,0.018008,0.078893,0.0008425,0.0008425,0.0008425
PascalVOC,187,0.025119,0.022932,0.078731,0.80872,0.73045,0.77634,0.5595,0.031331,0.018026,0.078895,0.000793,0.000793,0.000793
PascalVOC,188,0.024811,0.022519,0.07866,0.81077,0.72976,0.77628,0.5597,0.031346,0.018044,0.078897,0.0007435,0.0007435,0.0007435
PascalVOC,189,0.02485,0.022683,0.078521,0.81197,0.73022,0.7764,0.55964,0.031359,0.018059,0.078901,0.000694,0.000694,0.000694
PascalVOC,190,0.024986,0.02268,0.078649,0.81296,0.73092,0.77654,0.55978,0.031376,0.018079,0.078905,0.0006445,0.0006445,0.0006445
PascalVOC,191,0.024697,0.022442,0.078581,0.81191,0.73158,0.77611,0.56007,0.03139,0.018097,0.078907,0.000595,0.000595,0.000595
PascalVOC,192,0.024479,0.022301,0.07859,0.81308,0.73128,0.77597,0.56023,0.03141,0.018116,0.078911,0.0005455,0.0005455,0.0005455
PascalVOC,193,0.02454,0.022439,0.078529,0.81529,0.73005,0.77586,0.56013,0.031428,0.018135,0.078915,0.000496,0.000496,0.000496
PascalVOC,194,0.024356,0.022115,0.078564,0.81452,0.73011,0.77556,0.56033,0.031446,0.018154,0.07892,0.0004465,0.0004465,0.0004465
PascalVOC,195,0.024347,0.022157,0.078542,0.81407,0.73059,0.77512,0.56013,0.031464,0.018174,0.078924,0.000397,0.000397,0.000397
PascalVOC,196,0.024236,0.02181,0.078545,0.81347,0.73148,0.77497,0.5602,0.031481,0.018193,0.078929,0.0003475,0.0003475,0.0003475
PascalVOC,197,0.024124,0.021995,0.078433,0.81539,0.73149,0.77528,0.56042,0.031502,0.018213,0.078934,0.000298,0.000298,0.000298
PascalVOC,198,0.023961,0.021832,0.078398,0.81708,0.72981,0.77505,0.56047,0.031521,0.018233,0.078939,0.0002485,0.0002485,0.0002485
PascalVOC,199,0.023957,0.021804,0.078473,0.8161,0.73072,0.77512,0.5605,0.031539,0.018253,0.078944,0.000199,0.000199,0.000199
